{
    "account_list": {
        "1": {
            "user_id": "1",
            "name": "Viktor",
            "type": "chequing",
            "balance": 456.79999999999995,
            "transaction_list": [
                {
                    "time": "2018-04-09 18:35:27.315523",
                    "type": "withdrawal",
                    "balance_before": 2000,
                    "balance_after": 1500,
                    "status": "success",
                    "description": "Withdrawal successful."
                },
                {
                    "time": "2018-04-09 18:35:27.315523",
                    "type": "transaction fee",
                    "balance_before": 1500,
                    "balance_after": 1498.5,
                    "status": "success",
                    "description": "Fee charged - withdraw_fee"
                },
                {
                    "time": "2018-04-09 19:32:39.021140",
                    "type": "withdrawal",
                    "balance_before": 1498.5,
                    "balance_after": 998.5,
                    "status": "success",
                    "description": "Withdrawal successful."
                },
                {
                    "time": "2018-04-09 19:32:39.021140",
                    "type": "transaction fee",
                    "balance_before": 998.5,
                    "balance_after": 997.0,
                    "status": "success",
                    "description": "Fee charged - withdraw_fee"
                },
                {
                    "time": "2018-04-09 19:41:47.277459",
                    "type": "withdrawal",
                    "balance_before": 997.0,
                    "balance_after": 497.0,
                    "status": "success",
                    "description": "Withdrawal successful."
                },
                {
                    "time": "2018-04-09 19:41:47.277459",
                    "type": "transaction fee",
                    "balance_before": 497.0,
                    "balance_after": 496.9,
                    "status": "success",
                    "description": "Fee charged - overdraft_fee"
                },
                {
                    "time": "2018-04-10 00:00:04.365399",
                    "type": "withdrawal",
                    "balance_before": 496.9,
                    "balance_after": 456.9,
                    "status": "success",
                    "description": "Withdrawal successful."
                },
                {
                    "time": "2018-04-10 00:00:04.366396",
                    "type": "transaction fee",
                    "balance_before": 456.9,
                    "balance_after": 456.79999999999995,
                    "status": "success",
                    "description": "Fee charged - overdraft_fee"
                }
            ]
        },
        "2": {
            "user_id": "1",
            "name": "viktor",
            "type": "saving",
            "balance": "1",
            "transaction_list": []
        },
        "3": {
            "user_id": "2",
            "name": "Jane",
            "type": "saving",
            "balance": "20",
            "transaction_list": []
        }
    }
}